EVENT_ID,EVENT_TIMESTAMP,EVENT_TYPE,USER_NAME,CLIENT_IP,REPORTED_CLIENT_TYPE,REPORTED_CLIENT_VERSION,FIRST_AUTHENTICATION_FACTOR,SECOND_AUTHENTICATION_FACTOR,IS_SUCCESS,ERROR_CODE,ERROR_MESSAGE,RELATED_EVENT_ID,CONNECTION
15002899477,2023-08-18 08:43:56.399000-07:00,LOGIN,USR_INFORMATICA,129.79.93.33,JDBC_DRIVER,3.13.21,PASSWORD,,YES,,,0,
15002899481,2023-08-18 08:48:26.464000-07:00,LOGIN,DRAGONQUEEN,140.182.107.11,SNOWFLAKE_UI,20230818114443,PASSWORD,,YES,,,0,
15002901017,2023-08-18 08:30:19.576000-07:00,LOGIN,USR_INFORMATICA,129.79.93.33,JDBC_DRIVER,3.13.21,PASSWORD,,YES,,,0,
15002900593,2023-08-18 08:30:17.710000-07:00,LOGIN,USR_INFORMATICA,129.79.93.33,JDBC_DRIVER,3.13.21,PASSWORD,,YES,,,0,
15002901057,2023-08-18 11:17:17.007000-07:00,LOGIN,DATAWATCHTOWER,73.103.50.141,PYTHON_DRIVER,3.0.4,PASSWORD,,YES,,,0,
15002901061,2023-08-18 11:20:04.766000-07:00,LOGIN,DATAWATCHTOWER,73.103.50.141,PYTHON_DRIVER,3.0.4,PASSWORD,,YES,,,0,
15002900265,2023-08-18 11:51:13.733000-07:00,LOGIN,DATAWATCHTOWER,73.103.50.141,PYTHON_DRIVER,3.0.4,PASSWORD,,YES,,,0,
15002900281,2023-08-18 12:02:50.190000-07:00,LOGIN,DATAWATCHTOWER,73.103.50.141,PYTHON_DRIVER,3.0.4,PASSWORD,,YES,,,0,
15002900285,2023-08-18 12:34:16.384000-07:00,LOGIN,DATAWATCHTOWER,73.103.50.141,PYTHON_DRIVER,3.0.4,PASSWORD,,YES,,,0,
58605060,2023-08-15 12:55:27.692000-07:00,LOGIN,SNOWFLAKE,0.0.0.0,JAVASCRIPT_DRIVER,1.6.21,PASSWORD,,YES,,,0,
15002894853,2023-08-15 12:57:06.637000-07:00,LOGIN,DRAGONQUEEN,140.182.107.14,SNOWFLAKE_UI,20230815155628,PASSWORD,,YES,,,0,
15002900261,2023-08-18 11:40:59.661000-07:00,LOGIN,DATAWATCHTOWER,73.103.50.141,PYTHON_DRIVER,3.0.4,PASSWORD,,YES,,,0,
15002900273,2023-08-18 11:57:49.632000-07:00,LOGIN,DATAWATCHTOWER,73.103.50.141,PYTHON_DRIVER,3.0.4,PASSWORD,,YES,,,0,
15002900605,2023-08-18 12:39:19.154000-07:00,LOGIN,DATAWATCHTOWER,73.103.50.141,PYTHON_DRIVER,3.0.4,PASSWORD,,YES,,,0,
15002899157,2023-08-17 12:07:40.772000-07:00,LOGIN,USR_INFORMATICA,129.79.93.33,JDBC_DRIVER,3.13.21,PASSWORD,,YES,,,0,
15002899217,2023-08-17 12:08:31.070000-07:00,LOGIN,USR_INFORMATICA,129.79.93.33,JDBC_DRIVER,3.13.21,PASSWORD,,YES,,,0,
15002899401,2023-08-17 13:52:42.225000-07:00,LOGIN,USR_INFORMATICA,129.79.93.33,JDBC_DRIVER,3.13.21,PASSWORD,,YES,,,0,
15002897705,2023-08-17 12:09:44.249000-07:00,LOGIN,USR_INFORMATICA,129.79.93.33,JDBC_DRIVER,3.13.21,PASSWORD,,YES,,,0,
15002897449,2023-08-17 12:04:53.577000-07:00,LOGIN,USR_INFORMATICA,129.79.93.33,JDBC_DRIVER,3.13.21,PASSWORD,,YES,,,0,
15002897677,2023-08-17 12:08:50.783000-07:00,LOGIN,USR_INFORMATICA,129.79.93.33,JDBC_DRIVER,3.13.21,PASSWORD,,YES,,,0,
15002899397,2023-08-17 13:52:38.367000-07:00,LOGIN,USR_INFORMATICA,129.79.93.33,JDBC_DRIVER,3.13.21,PASSWORD,,YES,,,0,
15002899209,2023-08-17 12:08:30.812000-07:00,LOGIN,USR_INFORMATICA,129.79.93.33,JDBC_DRIVER,3.13.21,PASSWORD,,YES,,,0,
15002899117,2023-08-17 12:07:02.502000-07:00,LOGIN,USR_INFORMATICA,129.79.93.33,JDBC_DRIVER,3.13.21,PASSWORD,,YES,,,0,
15002897717,2023-08-17 12:10:48.290000-07:00,LOGIN,USR_INFORMATICA,129.79.93.33,JDBC_DRIVER,3.13.21,PASSWORD,,YES,,,0,
15002897741,2023-08-17 13:52:43.878000-07:00,LOGIN,USR_INFORMATICA,129.79.93.33,JDBC_DRIVER,3.13.21,PASSWORD,,YES,,,0,
15002899241,2023-08-17 12:08:38.005000-07:00,LOGIN,USR_INFORMATICA,129.79.93.33,JDBC_DRIVER,3.13.21,PASSWORD,,YES,,,0,
15002898961,2023-08-17 11:59:47.336000-07:00,LOGIN,USR_INFORMATICA,68.68.95.16,SNOWFLAKE_UI,20230817145937,PASSWORD,,NO,390106,PASSWORD_EXPIRED,0,
15002899237,2023-08-17 12:08:35.787000-07:00,LOGIN,USR_INFORMATICA,129.79.93.33,JDBC_DRIVER,3.13.21,PASSWORD,,YES,,,0,
15002899405,2023-08-17 13:52:42.749000-07:00,LOGIN,USR_INFORMATICA,129.79.93.33,JDBC_DRIVER,3.13.21,PASSWORD,,YES,,,0,
15002899269,2023-08-17 12:08:49.381000-07:00,LOGIN,USR_INFORMATICA,129.79.93.33,JDBC_DRIVER,3.13.21,PASSWORD,,YES,,,0,
15002898957,2023-08-17 11:59:08.711000-07:00,LOGIN,USR_INFORMATICA,129.79.93.33,JDBC_DRIVER,3.13.23,PASSWORD,,NO,390106,PASSWORD_EXPIRED,0,
15002897625,2023-08-17 12:08:36.685000-07:00,LOGIN,USR_INFORMATICA,129.79.93.33,JDBC_DRIVER,3.13.21,PASSWORD,,YES,,,0,
15002897569,2023-08-17 12:07:25.771000-07:00,LOGIN,USR_INFORMATICA,129.79.93.33,JDBC_DRIVER,3.13.21,PASSWORD,,YES,,,0,
15002899261,2023-08-17 12:08:42.628000-07:00,LOGIN,USR_INFORMATICA,129.79.93.33,JDBC_DRIVER,3.13.21,PASSWORD,,YES,,,0,
15002899253,2023-08-17 12:08:41.399000-07:00,LOGIN,USR_INFORMATICA,129.79.93.33,JDBC_DRIVER,3.13.21,PASSWORD,,YES,,,0,
15002897657,2023-08-17 12:08:42.625000-07:00,LOGIN,USR_INFORMATICA,129.79.93.33,JDBC_DRIVER,3.13.21,PASSWORD,,YES,,,0,
15002897413,2023-08-17 08:57:52.048000-07:00,LOGIN,DRAGONQUEEN,68.68.95.16,SNOWFLAKE_UI,20230817115731,PASSWORD,,YES,,,0,
15002897573,2023-08-17 12:07:43.148000-07:00,LOGIN,USR_INFORMATICA,129.79.93.33,JDBC_DRIVER,3.13.21,PASSWORD,,YES,,,0,
15002899085,2023-08-17 12:06:45.960000-07:00,LOGIN,USR_INFORMATICA,129.79.93.33,JDBC_DRIVER,3.13.21,PASSWORD,,YES,,,0,
15002897561,2023-08-17 12:07:13.775000-07:00,LOGIN,USR_INFORMATICA,129.79.93.33,JDBC_DRIVER,3.13.21,PASSWORD,,YES,,,0,
15002899205,2023-08-17 12:08:27.850000-07:00,LOGIN,USR_INFORMATICA,129.79.93.33,JDBC_DRIVER,3.13.21,PASSWORD,,YES,,,0,
15002899161,2023-08-17 12:07:46.309000-07:00,LOGIN,USR_INFORMATICA,129.79.93.33,JDBC_DRIVER,3.13.21,PASSWORD,,YES,,,0,
15002899201,2023-08-17 12:08:26.565000-07:00,LOGIN,USR_INFORMATICA,129.79.93.33,JDBC_DRIVER,3.13.21,PASSWORD,,YES,,,0,
15002899393,2023-08-17 13:52:38.043000-07:00,LOGIN,USR_INFORMATICA,129.79.93.33,JDBC_DRIVER,3.13.21,PASSWORD,,YES,,,0,
15002899245,2023-08-17 12:08:39.280000-07:00,LOGIN,USR_INFORMATICA,129.79.93.33,JDBC_DRIVER,3.13.21,PASSWORD,,YES,,,0,
15002899125,2023-08-17 12:07:04.603000-07:00,LOGIN,USR_INFORMATICA,129.79.93.33,JDBC_DRIVER,3.13.21,PASSWORD,,YES,,,0,
15002897669,2023-08-17 12:08:49.840000-07:00,LOGIN,USR_INFORMATICA,129.79.93.33,JDBC_DRIVER,3.13.21,PASSWORD,,YES,,,0,
15002899141,2023-08-17 12:07:26.429000-07:00,LOGIN,USR_INFORMATICA,129.79.93.33,JDBC_DRIVER,3.13.21,PASSWORD,,YES,,,0,
15002899309,2023-08-17 12:09:32.889000-07:00,LOGIN,USR_INFORMATICA,129.79.93.33,JDBC_DRIVER,3.13.21,PASSWORD,,YES,,,0,
15002899137,2023-08-17 12:07:12.047000-07:00,LOGIN,USR_INFORMATICA,129.79.93.33,JDBC_DRIVER,3.13.21,PASSWORD,,YES,,,0,
15002899313,2023-08-17 12:09:52.502000-07:00,LOGIN,USR_INFORMATICA,129.79.93.33,JDBC_DRIVER,3.13.21,PASSWORD,,YES,,,0,
15002899389,2023-08-17 13:52:37.555000-07:00,LOGIN,USR_INFORMATICA,129.79.93.33,JDBC_DRIVER,3.13.21,PASSWORD,,YES,,,0,
15002897709,2023-08-17 12:10:17.284000-07:00,LOGIN,USR_INFORMATICA,129.79.93.33,JDBC_DRIVER,3.13.21,PASSWORD,,YES,,,0,
15002897629,2023-08-17 12:08:37.928000-07:00,LOGIN,USR_INFORMATICA,129.79.93.33,JDBC_DRIVER,3.13.21,PASSWORD,,YES,,,0,
15002899129,2023-08-17 12:07:05.411000-07:00,LOGIN,USR_INFORMATICA,129.79.93.33,JDBC_DRIVER,3.13.21,PASSWORD,,YES,,,0,
15002899345,2023-08-17 12:10:27.648000-07:00,LOGIN,USR_INFORMATICA,129.79.93.33,JDBC_DRIVER,3.13.21,PASSWORD,,YES,,,0,
15002897433,2023-08-17 12:00:08.565000-07:00,LOGIN,USR_INFORMATICA,68.68.95.16,SNOWFLAKE_UI,20230817145937,PASSWORD,,YES,,,0,
15002897529,2023-08-17 12:06:44.441000-07:00,LOGIN,USR_INFORMATICA,129.79.93.33,JDBC_DRIVER,3.13.21,PASSWORD,,YES,,,0,
15002898969,2023-08-17 12:00:21.201000-07:00,LOGIN,USR_INFORMATICA,129.79.93.33,JDBC_DRIVER,3.13.23,PASSWORD,,YES,,,0,
15002899277,2023-08-17 12:08:53.601000-07:00,LOGIN,USR_INFORMATICA,129.79.93.33,JDBC_DRIVER,3.13.21,PASSWORD,,YES,,,0,
15002898973,2023-08-17 12:00:47.579000-07:00,LOGIN,USR_INFORMATICA,129.79.93.33,JDBC_DRIVER,3.13.21,PASSWORD,,YES,,,0,
15002897665,2023-08-17 12:08:48.947000-07:00,LOGIN,USR_INFORMATICA,129.79.93.33,JDBC_DRIVER,3.13.21,PASSWORD,,YES,,,0,
15002899149,2023-08-17 12:07:26.939000-07:00,LOGIN,USR_INFORMATICA,129.79.93.33,JDBC_DRIVER,3.13.21,PASSWORD,,YES,,,0,
15002899285,2023-08-17 12:09:03.222000-07:00,LOGIN,USR_INFORMATICA,129.79.93.33,JDBC_DRIVER,3.13.21,PASSWORD,,YES,,,0,
15002899169,2023-08-17 12:07:59.520000-07:00,LOGIN,USR_INFORMATICA,129.79.93.33,JDBC_DRIVER,3.13.21,PASSWORD,,YES,,,0,
15002899289,2023-08-17 12:09:06.907000-07:00,LOGIN,USR_INFORMATICA,129.79.93.33,JDBC_DRIVER,3.13.21,PASSWORD,,YES,,,0,
15002899165,2023-08-17 12:07:58.417000-07:00,LOGIN,USR_INFORMATICA,129.79.93.33,JDBC_DRIVER,3.13.21,PASSWORD,,YES,,,0,
15002899293,2023-08-17 12:09:11.801000-07:00,LOGIN,USR_INFORMATICA,129.79.93.33,JDBC_DRIVER,3.13.21,PASSWORD,,YES,,,0,
15002898965,2023-08-17 12:00:20.920000-07:00,LOGIN,USR_INFORMATICA,129.79.93.33,JDBC_DRIVER,3.13.23,PASSWORD,,YES,,,0,
15002899297,2023-08-17 12:09:13.197000-07:00,LOGIN,USR_INFORMATICA,129.79.93.33,JDBC_DRIVER,3.13.21,PASSWORD,,YES,,,0,
15002897553,2023-08-17 12:07:07.411000-07:00,LOGIN,USR_INFORMATICA,129.79.93.33,JDBC_DRIVER,3.13.21,PASSWORD,,YES,,,0,
15002899301,2023-08-17 12:09:17.990000-07:00,LOGIN,USR_INFORMATICA,129.79.93.33,JDBC_DRIVER,3.13.21,PASSWORD,,YES,,,0,
15002899133,2023-08-17 12:07:11.414000-07:00,LOGIN,USR_INFORMATICA,129.79.93.33,JDBC_DRIVER,3.13.21,PASSWORD,,YES,,,0,
15002899213,2023-08-17 12:08:31.018000-07:00,LOGIN,USR_INFORMATICA,129.79.93.33,JDBC_DRIVER,3.13.21,PASSWORD,,YES,,,0,
15002898997,2023-08-17 12:04:20.535000-07:00,LOGIN,USR_INFORMATICA,129.79.93.33,JDBC_DRIVER,3.13.21,PASSWORD,,YES,,,0,
15002899249,2023-08-17 12:08:39.867000-07:00,LOGIN,USR_INFORMATICA,129.79.93.33,JDBC_DRIVER,3.13.21,PASSWORD,,YES,,,0,
15002897577,2023-08-17 12:07:44.052000-07:00,LOGIN,USR_INFORMATICA,129.79.93.33,JDBC_DRIVER,3.13.21,PASSWORD,,YES,,,0,
15002899281,2023-08-17 12:08:58.694000-07:00,LOGIN,USR_INFORMATICA,129.79.93.33,JDBC_DRIVER,3.13.21,PASSWORD,,YES,,,0,
15002897437,2023-08-17 12:00:34.231000-07:00,LOGIN,USR_INFORMATICA,129.79.93.33,JDBC_DRIVER,3.13.21,PASSWORD,,YES,,,0,
15002899185,2023-08-17 12:08:21.217000-07:00,LOGIN,USR_INFORMATICA,129.79.93.33,JDBC_DRIVER,3.13.21,PASSWORD,,YES,,,0,
15002898993,2023-08-17 12:04:20.019000-07:00,LOGIN,USR_INFORMATICA,129.79.93.33,JDBC_DRIVER,3.13.21,PASSWORD,,YES,,,0,
15002899273,2023-08-17 12:08:50.559000-07:00,LOGIN,USR_INFORMATICA,129.79.93.33,JDBC_DRIVER,3.13.21,PASSWORD,,YES,,,0,
15002897445,2023-08-17 12:04:53.191000-07:00,LOGIN,USR_INFORMATICA,129.79.93.33,JDBC_DRIVER,3.13.21,PASSWORD,,YES,,,0,
15002899233,2023-08-17 12:08:34.911000-07:00,LOGIN,USR_INFORMATICA,129.79.93.33,JDBC_DRIVER,3.13.21,PASSWORD,,YES,,,0,
15002899145,2023-08-17 12:07:26.537000-07:00,LOGIN,USR_INFORMATICA,129.79.93.33,JDBC_DRIVER,3.13.21,PASSWORD,,YES,,,0,
15002899265,2023-08-17 12:08:44.801000-07:00,LOGIN,USR_INFORMATICA,129.79.93.33,JDBC_DRIVER,3.13.21,PASSWORD,,YES,,,0,
15002897557,2023-08-17 12:07:08.146000-07:00,LOGIN,USR_INFORMATICA,129.79.93.33,JDBC_DRIVER,3.13.21,PASSWORD,,YES,,,0,
15002899353,2023-08-17 12:12:13.054000-07:00,LOGIN,USR_INFORMATICA,129.79.93.33,JDBC_DRIVER,3.13.21,PASSWORD,,YES,,,0,
15002899153,2023-08-17 12:07:37.389000-07:00,LOGIN,USR_INFORMATICA,129.79.93.33,JDBC_DRIVER,3.13.21,PASSWORD,,YES,,,0,
15002899257,2023-08-17 12:08:41.982000-07:00,LOGIN,USR_INFORMATICA,129.79.93.33,JDBC_DRIVER,3.13.21,PASSWORD,,YES,,,0,
15002897581,2023-08-17 12:07:57.915000-07:00,LOGIN,USR_INFORMATICA,129.79.93.33,JDBC_DRIVER,3.13.21,PASSWORD,,YES,,,0,
15002899305,2023-08-17 12:09:28.685000-07:00,LOGIN,USR_INFORMATICA,129.79.93.33,JDBC_DRIVER,3.13.21,PASSWORD,,YES,,,0,
15002899113,2023-08-17 12:07:00.335000-07:00,LOGIN,USR_INFORMATICA,129.79.93.33,JDBC_DRIVER,3.13.21,PASSWORD,,YES,,,0,
15002899029,2023-08-17 12:06:17.994000-07:00,LOGIN,USR_INFORMATICA,129.79.93.33,JDBC_DRIVER,3.13.21,PASSWORD,,YES,,,0,
15002897565,2023-08-17 12:07:14.998000-07:00,LOGIN,USR_INFORMATICA,129.79.93.33,JDBC_DRIVER,3.13.21,PASSWORD,,YES,,,0,
15002899065,2023-08-17 12:06:39.184000-07:00,LOGIN,USR_INFORMATICA,129.79.93.33,JDBC_DRIVER,3.13.21,PASSWORD,,YES,,,0,
15002899121,2023-08-17 12:07:03.282000-07:00,LOGIN,USR_INFORMATICA,129.79.93.33,JDBC_DRIVER,3.13.21,PASSWORD,,YES,,,0,
15002897661,2023-08-17 12:08:47.804000-07:00,LOGIN,USR_INFORMATICA,129.79.93.33,JDBC_DRIVER,3.13.21,PASSWORD,,YES,,,0,
15002897601,2023-08-17 12:08:11.388000-07:00,LOGIN,USR_INFORMATICA,129.79.93.33,JDBC_DRIVER,3.13.21,PASSWORD,,YES,,,0,
15002897605,2023-08-17 12:08:13.167000-07:00,LOGIN,USR_INFORMATICA,129.79.93.33,JDBC_DRIVER,3.13.21,PASSWORD,,YES,,,0,
15002897609,2023-08-17 12:08:24.640000-07:00,LOGIN,USR_INFORMATICA,129.79.93.33,JDBC_DRIVER,3.13.21,PASSWORD,,YES,,,0,
15002897613,2023-08-17 12:08:28.217000-07:00,LOGIN,USR_INFORMATICA,129.79.93.33,JDBC_DRIVER,3.13.21,PASSWORD,,YES,,,0,
15002897617,2023-08-17 12:08:29.424000-07:00,LOGIN,USR_INFORMATICA,129.79.93.33,JDBC_DRIVER,3.13.21,PASSWORD,,YES,,,0,
15002897713,2023-08-17 12:10:43.763000-07:00,LOGIN,USR_INFORMATICA,129.79.93.33,JDBC_DRIVER,3.13.21,PASSWORD,,YES,,,0,
15002899033,2023-08-17 12:06:18.721000-07:00,LOGIN,USR_INFORMATICA,129.79.93.33,JDBC_DRIVER,3.13.21,PASSWORD,,YES,,,0,
15002897633,2023-08-17 12:08:38.446000-07:00,LOGIN,USR_INFORMATICA,129.79.93.33,JDBC_DRIVER,3.13.21,PASSWORD,,YES,,,0,
15002897637,2023-08-17 12:08:39.058000-07:00,LOGIN,USR_INFORMATICA,129.79.93.33,JDBC_DRIVER,3.13.21,PASSWORD,,YES,,,0,
15002897641,2023-08-17 12:08:39.613000-07:00,LOGIN,USR_INFORMATICA,129.79.93.33,JDBC_DRIVER,3.13.21,PASSWORD,,YES,,,0,
15002897645,2023-08-17 12:08:42.008000-07:00,LOGIN,USR_INFORMATICA,129.79.93.33,JDBC_DRIVER,3.13.21,PASSWORD,,YES,,,0,
15002897649,2023-08-17 12:08:42.016000-07:00,LOGIN,USR_INFORMATICA,129.79.93.33,JDBC_DRIVER,3.13.21,PASSWORD,,YES,,,0,
15002897653,2023-08-17 12:08:42.510000-07:00,LOGIN,USR_INFORMATICA,129.79.93.33,JDBC_DRIVER,3.13.21,PASSWORD,,YES,,,0,
15002897549,2023-08-17 12:06:53.151000-07:00,LOGIN,USR_INFORMATICA,129.79.93.33,JDBC_DRIVER,3.13.21,PASSWORD,,YES,,,0,
15002897597,2023-08-17 12:08:07.532000-07:00,LOGIN,USR_INFORMATICA,129.79.93.33,JDBC_DRIVER,3.13.21,PASSWORD,,YES,,,0,
15002899097,2023-08-17 12:06:50.364000-07:00,LOGIN,USR_INFORMATICA,129.79.93.33,JDBC_DRIVER,3.13.21,PASSWORD,,YES,,,0,
15002899105,2023-08-17 12:06:52.156000-07:00,LOGIN,USR_INFORMATICA,129.79.93.33,JDBC_DRIVER,3.13.21,PASSWORD,,YES,,,0,
15002899317,2023-08-17 12:10:02.812000-07:00,LOGIN,USR_INFORMATICA,129.79.93.33,JDBC_DRIVER,3.13.21,PASSWORD,,YES,,,0,
15002897593,2023-08-17 12:08:02.638000-07:00,LOGIN,USR_INFORMATICA,129.79.93.33,JDBC_DRIVER,3.13.21,PASSWORD,,YES,,,0,
15002897673,2023-08-17 12:08:49.843000-07:00,LOGIN,USR_INFORMATICA,129.79.93.33,JDBC_DRIVER,3.13.21,PASSWORD,,YES,,,0,
15002897585,2023-08-17 12:08:00.548000-07:00,LOGIN,USR_INFORMATICA,129.79.93.33,JDBC_DRIVER,3.13.21,PASSWORD,,YES,,,0,
15002899081,2023-08-17 12:06:44.928000-07:00,LOGIN,USR_INFORMATICA,129.79.93.33,JDBC_DRIVER,3.13.21,PASSWORD,,YES,,,0,
15002897589,2023-08-17 12:08:01.571000-07:00,LOGIN,USR_INFORMATICA,129.79.93.33,JDBC_DRIVER,3.13.21,PASSWORD,,YES,,,0,
15002899089,2023-08-17 12:06:46.652000-07:00,LOGIN,USR_INFORMATICA,129.79.93.33,JDBC_DRIVER,3.13.21,PASSWORD,,YES,,,0,
15002897689,2023-08-17 12:09:05.925000-07:00,LOGIN,USR_INFORMATICA,129.79.93.33,JDBC_DRIVER,3.13.21,PASSWORD,,YES,,,0,
15002897441,2023-08-17 12:01:25.434000-07:00,LOGIN,USR_INFORMATICA,129.79.93.33,JDBC_DRIVER,3.13.21,PASSWORD,,YES,,,0,
15002899101,2023-08-17 12:06:50.402000-07:00,LOGIN,USR_INFORMATICA,129.79.93.33,JDBC_DRIVER,3.13.21,PASSWORD,,YES,,,0,
15002897721,2023-08-17 12:10:54.100000-07:00,LOGIN,USR_INFORMATICA,129.79.93.33,JDBC_DRIVER,3.13.21,PASSWORD,,YES,,,0,
15002899221,2023-08-17 12:08:32.139000-07:00,LOGIN,USR_INFORMATICA,129.79.93.33,JDBC_DRIVER,3.13.21,PASSWORD,,YES,,,0,
15002899337,2023-08-17 12:10:24.544000-07:00,LOGIN,USR_INFORMATICA,129.79.93.33,JDBC_DRIVER,3.13.21,PASSWORD,,YES,,,0,
15002899333,2023-08-17 12:10:24.528000-07:00,LOGIN,USR_INFORMATICA,129.79.93.33,JDBC_DRIVER,3.13.21,PASSWORD,,YES,,,0,
15002899329,2023-08-17 12:10:23.171000-07:00,LOGIN,USR_INFORMATICA,129.79.93.33,JDBC_DRIVER,3.13.21,PASSWORD,,YES,,,0,
15002899321,2023-08-17 12:10:19.716000-07:00,LOGIN,USR_INFORMATICA,129.79.93.33,JDBC_DRIVER,3.13.21,PASSWORD,,YES,,,0,
15002899093,2023-08-17 12:06:47.689000-07:00,LOGIN,USR_INFORMATICA,129.79.93.33,JDBC_DRIVER,3.13.21,PASSWORD,,YES,,,0,
15002898953,2023-08-17 10:05:29.272000-07:00,LOGIN,WARLYBARD1,140.182.107.7,SNOWFLAKE_UI,20230817130508,PASSWORD,,YES,,,0,
15002899473,2023-08-17 10:05:19.724000-07:00,LOGIN,WARLYBARD1,140.182.107.7,SNOWFLAKE_UI,20230817130508,PASSWORD,,NO,390106,PASSWORD_EXPIRED,0,
15002899013,2023-08-17 12:06:04.848000-07:00,LOGIN,USR_INFORMATICA,129.79.93.33,JDBC_DRIVER,3.13.21,PASSWORD,,YES,,,0,
15002899017,2023-08-17 12:06:05.362000-07:00,LOGIN,USR_INFORMATICA,129.79.93.33,JDBC_DRIVER,3.13.21,PASSWORD,,YES,,,0,
15002899025,2023-08-17 12:06:11.423000-07:00,LOGIN,USR_INFORMATICA,129.79.93.33,JDBC_DRIVER,3.13.21,PASSWORD,,YES,,,0,
15002899021,2023-08-17 12:06:10.967000-07:00,LOGIN,USR_INFORMATICA,129.79.93.33,JDBC_DRIVER,3.13.21,PASSWORD,,YES,,,0,
15002897701,2023-08-17 12:09:30.360000-07:00,LOGIN,USR_INFORMATICA,129.79.93.33,JDBC_DRIVER,3.13.21,PASSWORD,,YES,,,0,
15002899009,2023-08-17 12:05:40.312000-07:00,LOGIN,USR_INFORMATICA,129.79.93.33,JDBC_DRIVER,3.13.21,PASSWORD,,YES,,,0,
15002897469,2023-08-17 12:06:08.457000-07:00,LOGIN,USR_INFORMATICA,129.79.93.33,JDBC_DRIVER,3.13.21,PASSWORD,,YES,,,0,
15002899005,2023-08-17 12:05:20.491000-07:00,LOGIN,USR_INFORMATICA,129.79.93.33,JDBC_DRIVER,3.13.21,PASSWORD,,YES,,,0,
15002898977,2023-08-17 12:03:03.906000-07:00,LOGIN,WARLYBARD1,140.182.107.7,SNOWFLAKE_UI,20230817150301,PASSWORD,,YES,,,0,
15002899193,2023-08-17 12:08:24.418000-07:00,LOGIN,USR_INFORMATICA,129.79.93.33,JDBC_DRIVER,3.13.21,PASSWORD,,YES,,,0,
15002897693,2023-08-17 12:09:13.583000-07:00,LOGIN,USR_INFORMATICA,129.79.93.33,JDBC_DRIVER,3.13.21,PASSWORD,,YES,,,0,
15002899341,2023-08-17 12:10:27.644000-07:00,LOGIN,USR_INFORMATICA,129.79.93.33,JDBC_DRIVER,3.13.21,PASSWORD,,YES,,,0,
15002899109,2023-08-17 12:06:59.852000-07:00,LOGIN,USR_INFORMATICA,129.79.93.33,JDBC_DRIVER,3.13.21,PASSWORD,,YES,,,0,
15002899053,2023-08-17 12:06:37.190000-07:00,LOGIN,USR_INFORMATICA,129.79.93.33,JDBC_DRIVER,3.13.21,PASSWORD,,YES,,,0,
15002899057,2023-08-17 12:06:38.014000-07:00,LOGIN,USR_INFORMATICA,129.79.93.33,JDBC_DRIVER,3.13.21,PASSWORD,,YES,,,0,
15002899061,2023-08-17 12:06:38.779000-07:00,LOGIN,USR_INFORMATICA,129.79.93.33,JDBC_DRIVER,3.13.21,PASSWORD,,YES,,,0,
15002899037,2023-08-17 12:06:20.902000-07:00,LOGIN,USR_INFORMATICA,129.79.93.33,JDBC_DRIVER,3.13.21,PASSWORD,,YES,,,0,
15002897525,2023-08-17 12:06:40.725000-07:00,LOGIN,USR_INFORMATICA,129.79.93.33,JDBC_DRIVER,3.13.21,PASSWORD,,YES,,,0,
15002897521,2023-08-17 12:06:40.093000-07:00,LOGIN,USR_INFORMATICA,129.79.93.33,JDBC_DRIVER,3.13.21,PASSWORD,,YES,,,0,
15002899077,2023-08-17 12:06:42.940000-07:00,LOGIN,USR_INFORMATICA,129.79.93.33,JDBC_DRIVER,3.13.21,PASSWORD,,YES,,,0,
15002897473,2023-08-17 12:06:11.479000-07:00,LOGIN,USR_INFORMATICA,129.79.93.33,JDBC_DRIVER,3.13.21,PASSWORD,,YES,,,0,
15002897505,2023-08-17 12:06:25.075000-07:00,LOGIN,USR_INFORMATICA,129.79.93.33,JDBC_DRIVER,3.13.21,PASSWORD,,YES,,,0,
15002897501,2023-08-17 12:06:24.110000-07:00,LOGIN,USR_INFORMATICA,129.79.93.33,JDBC_DRIVER,3.13.21,PASSWORD,,YES,,,0,
15002897493,2023-08-17 12:06:17.698000-07:00,LOGIN,USR_INFORMATICA,129.79.93.33,JDBC_DRIVER,3.13.21,PASSWORD,,YES,,,0,
15002899049,2023-08-17 12:06:23.607000-07:00,LOGIN,USR_INFORMATICA,129.79.93.33,JDBC_DRIVER,3.13.21,PASSWORD,,YES,,,0,
15002897517,2023-08-17 12:06:38.707000-07:00,LOGIN,USR_INFORMATICA,129.79.93.33,JDBC_DRIVER,3.13.21,PASSWORD,,YES,,,0,
15002899069,2023-08-17 12:06:40.399000-07:00,LOGIN,USR_INFORMATICA,129.79.93.33,JDBC_DRIVER,3.13.21,PASSWORD,,YES,,,0,
15002899041,2023-08-17 12:06:22.624000-07:00,LOGIN,USR_INFORMATICA,129.79.93.33,JDBC_DRIVER,3.13.21,PASSWORD,,YES,,,0,
15002897513,2023-08-17 12:06:38.590000-07:00,LOGIN,USR_INFORMATICA,129.79.93.33,JDBC_DRIVER,3.13.21,PASSWORD,,YES,,,0,
15002899229,2023-08-17 12:08:33.457000-07:00,LOGIN,USR_INFORMATICA,129.79.93.33,JDBC_DRIVER,3.13.21,PASSWORD,,YES,,,0,
15002897509,2023-08-17 12:06:26.771000-07:00,LOGIN,USR_INFORMATICA,129.79.93.33,JDBC_DRIVER,3.13.21,PASSWORD,,YES,,,0,
15002897477,2023-08-17 12:06:12.021000-07:00,LOGIN,USR_INFORMATICA,129.79.93.33,JDBC_DRIVER,3.13.21,PASSWORD,,YES,,,0,
15002897481,2023-08-17 12:06:12.498000-07:00,LOGIN,USR_INFORMATICA,129.79.93.33,JDBC_DRIVER,3.13.21,PASSWORD,,YES,,,0,
15002897485,2023-08-17 12:06:14.307000-07:00,LOGIN,USR_INFORMATICA,129.79.93.33,JDBC_DRIVER,3.13.21,PASSWORD,,YES,,,0,
15002897489,2023-08-17 12:06:14.982000-07:00,LOGIN,USR_INFORMATICA,129.79.93.33,JDBC_DRIVER,3.13.21,PASSWORD,,YES,,,0,
15002897681,2023-08-17 12:08:52.712000-07:00,LOGIN,USR_INFORMATICA,129.79.93.33,JDBC_DRIVER,3.13.21,PASSWORD,,YES,,,0,
15002899357,2023-08-17 12:29:32.132000-07:00,LOGIN,USR_INFORMATICA,129.79.93.33,JDBC_DRIVER,3.13.21,PASSWORD,,YES,,,0,
15002897465,2023-08-17 12:06:02.685000-07:00,LOGIN,USR_INFORMATICA,129.79.93.33,JDBC_DRIVER,3.13.21,PASSWORD,,YES,,,0,
15002899189,2023-08-17 12:08:22.240000-07:00,LOGIN,USR_INFORMATICA,129.79.93.33,JDBC_DRIVER,3.13.21,PASSWORD,,YES,,,0,
15002897533,2023-08-17 12:06:48.261000-07:00,LOGIN,USR_INFORMATICA,129.79.93.33,JDBC_DRIVER,3.13.21,PASSWORD,,YES,,,0,
15002897697,2023-08-17 12:09:25.188000-07:00,LOGIN,USR_INFORMATICA,129.79.93.33,JDBC_DRIVER,3.13.21,PASSWORD,,YES,,,0,
15002899181,2023-08-17 12:08:20.606000-07:00,LOGIN,USR_INFORMATICA,129.79.93.33,JDBC_DRIVER,3.13.21,PASSWORD,,YES,,,0,
15002899177,2023-08-17 12:08:20.018000-07:00,LOGIN,USR_INFORMATICA,129.79.93.33,JDBC_DRIVER,3.13.21,PASSWORD,,YES,,,0,
15002899173,2023-08-17 12:08:15.762000-07:00,LOGIN,USR_INFORMATICA,129.79.93.33,JDBC_DRIVER,3.13.21,PASSWORD,,YES,,,0,
15002897685,2023-08-17 12:08:56.745000-07:00,LOGIN,USR_INFORMATICA,129.79.93.33,JDBC_DRIVER,3.13.21,PASSWORD,,YES,,,0,
15002897497,2023-08-17 12:06:20.348000-07:00,LOGIN,USR_INFORMATICA,129.79.93.33,JDBC_DRIVER,3.13.21,PASSWORD,,YES,,,0,
15002899197,2023-08-17 12:08:24.636000-07:00,LOGIN,USR_INFORMATICA,129.79.93.33,JDBC_DRIVER,3.13.21,PASSWORD,,YES,,,0,
15002897621,2023-08-17 12:08:33.955000-07:00,LOGIN,USR_INFORMATICA,129.79.93.33,JDBC_DRIVER,3.13.21,PASSWORD,,YES,,,0,
15002897545,2023-08-17 12:06:53.075000-07:00,LOGIN,USR_INFORMATICA,129.79.93.33,JDBC_DRIVER,3.13.21,PASSWORD,,YES,,,0,
15002897537,2023-08-17 12:06:50.590000-07:00,LOGIN,USR_INFORMATICA,129.79.93.33,JDBC_DRIVER,3.13.21,PASSWORD,,YES,,,0,
15002897541,2023-08-17 12:06:52.978000-07:00,LOGIN,USR_INFORMATICA,129.79.93.33,JDBC_DRIVER,3.13.21,PASSWORD,,YES,,,0,
15002898989,2023-08-17 12:03:52.447000-07:00,LOGIN,USR_INFORMATICA,129.79.93.33,JDBC_DRIVER,3.13.21,PASSWORD,,YES,,,0,
15002897725,2023-08-17 12:12:17.837000-07:00,LOGIN,USR_INFORMATICA,129.79.93.33,JDBC_DRIVER,3.13.21,PASSWORD,,YES,,,0,
15002899349,2023-08-17 12:10:38.414000-07:00,LOGIN,USR_INFORMATICA,129.79.93.33,JDBC_DRIVER,3.13.21,PASSWORD,,YES,,,0,
15002899385,2023-08-17 13:40:48.549000-07:00,LOGIN,USR_INFORMATICA,129.79.93.33,JDBC_DRIVER,3.13.21,PASSWORD,,YES,,,0,
15002899073,2023-08-17 12:06:41.222000-07:00,LOGIN,USR_INFORMATICA,129.79.93.33,JDBC_DRIVER,3.13.21,PASSWORD,,YES,,,0,
15002897737,2023-08-17 13:40:49.064000-07:00,LOGIN,USR_INFORMATICA,129.79.93.33,JDBC_DRIVER,3.13.21,PASSWORD,,YES,,,0,
15002899225,2023-08-17 12:08:32.371000-07:00,LOGIN,USR_INFORMATICA,129.79.93.33,JDBC_DRIVER,3.13.21,PASSWORD,,YES,,,0,
15002899373,2023-08-17 13:40:44.381000-07:00,LOGIN,USR_INFORMATICA,129.79.93.33,JDBC_DRIVER,3.13.21,PASSWORD,,YES,,,0,
15002898981,2023-08-17 12:03:26.828000-07:00,LOGIN,USR_INFORMATICA,129.79.93.33,JDBC_DRIVER,3.13.21,PASSWORD,,YES,,,0,
15002899377,2023-08-17 13:40:44.779000-07:00,LOGIN,USR_INFORMATICA,129.79.93.33,JDBC_DRIVER,3.13.21,PASSWORD,,YES,,,0,
15002898985,2023-08-17 12:03:47.545000-07:00,LOGIN,USR_INFORMATICA,129.79.93.33,JDBC_DRIVER,3.13.21,PASSWORD,,YES,,,0,
15002899381,2023-08-17 13:40:48.217000-07:00,LOGIN,USR_INFORMATICA,129.79.93.33,JDBC_DRIVER,3.13.21,PASSWORD,,YES,,,0,
15002899325,2023-08-17 12:10:22.222000-07:00,LOGIN,USR_INFORMATICA,129.79.93.33,JDBC_DRIVER,3.13.21,PASSWORD,,YES,,,0,
15002899045,2023-08-17 12:06:23.409000-07:00,LOGIN,USR_INFORMATICA,129.79.93.33,JDBC_DRIVER,3.13.21,PASSWORD,,YES,,,0,
15002897453,2023-08-17 12:05:20.095000-07:00,LOGIN,USR_INFORMATICA,129.79.93.33,JDBC_DRIVER,3.13.21,PASSWORD,,YES,,,0,
15002899369,2023-08-17 13:40:43.901000-07:00,LOGIN,USR_INFORMATICA,129.79.93.33,JDBC_DRIVER,3.13.21,PASSWORD,,YES,,,0,
15002897457,2023-08-17 12:05:38.906000-07:00,LOGIN,USR_INFORMATICA,129.79.93.33,JDBC_DRIVER,3.13.21,PASSWORD,,YES,,,0,
15002897729,2023-08-17 12:29:42.286000-07:00,LOGIN,USR_INFORMATICA,129.79.93.33,JDBC_DRIVER,3.13.21,PASSWORD,,YES,,,0,
15002897461,2023-08-17 12:05:39.399000-07:00,LOGIN,USR_INFORMATICA,129.79.93.33,JDBC_DRIVER,3.13.21,PASSWORD,,YES,,,0,
15002899001,2023-08-17 12:05:18.709000-07:00,LOGIN,USR_INFORMATICA,129.79.93.33,JDBC_DRIVER,3.13.21,PASSWORD,,YES,,,0,
15002900293,2023-08-18 12:59:42.461000-07:00,LOGIN,DATAWATCHTOWER,73.103.50.141,PYTHON_DRIVER,3.0.4,PASSWORD,,YES,,,0,
15002900253,2023-08-18 11:37:26.338000-07:00,LOGIN,WARLYBARD1,73.103.50.141,PYTHON_DRIVER,3.0.4,PASSWORD,,YES,,,0,
15002901073,2023-08-18 11:37:59.814000-07:00,LOGIN,WARLYBARD1,73.103.50.141,PYTHON_DRIVER,3.0.4,PASSWORD,,YES,,,0,
15002900597,2023-08-18 09:38:08.339000-07:00,LOGIN,USR_INFORMATICA,129.79.93.33,JDBC_DRIVER,3.13.21,PASSWORD,,YES,,,0,
15002899489,2023-08-18 09:38:07.723000-07:00,LOGIN,USR_INFORMATICA,129.79.93.33,JDBC_DRIVER,3.13.21,PASSWORD,,YES,,,0,
15002901037,2023-08-18 10:51:47.241000-07:00,LOGIN,DATAWATCHTOWER,104.45.205.30,PYTHON_DRIVER,3.1.0,PASSWORD,,YES,,,0,
15002900233,2023-08-18 10:48:17.666000-07:00,LOGIN,DATAWATCHTOWER,40.83.243.142,PYTHON_DRIVER,3.1.0,PASSWORD,,YES,,,0,
15002901033,2023-08-18 10:49:07.315000-07:00,LOGIN,WARLYBARD1,73.103.50.141,SNOWFLAKE_UI,20230818134905,PASSWORD,,YES,,,0,
15002900609,2023-08-18 12:57:30.641000-07:00,LOGIN,DATAWATCHTOWER,73.103.50.141,PYTHON_DRIVER,3.0.4,PASSWORD,,YES,,,0,
15002901041,2023-08-18 10:57:35.750000-07:00,LOGIN,SCHEMACHANGE,40.84.170.57,PYTHON_DRIVER,3.1.0,PASSWORD,,YES,,,0,
15002901049,2023-08-18 11:00:32.112000-07:00,LOGIN,SCHEMACHANGE,73.103.50.141,SNOWFLAKE_UI,20230818140024,PASSWORD,,YES,,,0,
15002901053,2023-08-18 11:02:11.193000-07:00,LOGIN,SCHEMACHANGE,52.190.17.205,PYTHON_DRIVER,3.1.0,PASSWORD,,YES,,,0,
15002900249,2023-08-18 11:19:13.340000-07:00,LOGIN,DATAWATCHTOWER,73.103.50.141,PYTHON_DRIVER,3.0.4,PASSWORD,,YES,,,0,
15002900257,2023-08-18 11:38:38.793000-07:00,LOGIN,WARLYBARD1,73.103.50.141,PYTHON_DRIVER,3.0.4,PASSWORD,,YES,,,0,
15002901077,2023-08-18 11:38:12.622000-07:00,LOGIN,WARLYBARD1,73.103.50.141,PYTHON_DRIVER,3.0.4,PASSWORD,,YES,,,0,
15002900269,2023-08-18 11:53:44.787000-07:00,LOGIN,DATAWATCHTOWER,73.103.50.141,PYTHON_DRIVER,3.0.4,PASSWORD,,YES,,,0,
15002900289,2023-08-18 12:51:21.626000-07:00,LOGIN,DATAWATCHTOWER,73.103.50.141,PYTHON_DRIVER,3.0.4,PASSWORD,,YES,,,0,
15002901045,2023-08-18 10:59:02.024000-07:00,LOGIN,SCHEMACHANGE,52.173.166.174,PYTHON_DRIVER,3.1.0,PASSWORD,,YES,,,0,
15002901069,2023-08-18 11:28:06.799000-07:00,LOGIN,DATAWATCHTOWER,73.103.50.141,SNOWFLAKE_UI,20230818142748,PASSWORD,,YES,,,0,
15002901065,2023-08-18 11:22:39.358000-07:00,LOGIN,DATAWATCHTOWER,73.103.50.141,PYTHON_DRIVER,3.0.4,PASSWORD,,YES,,,0,
15002900241,2023-08-18 11:07:48.983000-07:00,LOGIN,WARLYBARD1,73.103.50.141,SNOWFLAKE_UI,20230818140730,PASSWORD,,YES,,,0,
15002901081,2023-08-18 11:59:57.656000-07:00,LOGIN,DATAWATCHTOWER,73.103.50.141,PYTHON_DRIVER,3.0.4,PASSWORD,,YES,,,0,
15002900277,2023-08-18 11:58:17.512000-07:00,LOGIN,DATAWATCHTOWER,73.103.50.141,PYTHON_DRIVER,3.0.4,PASSWORD,,YES,,,0,
15002900217,2023-08-18 06:32:53.848000-07:00,LOGIN,WARLYBARD1,73.103.50.141,SNOWFLAKE_UI,20230818093249,PASSWORD,,YES,,,0,
15002900245,2023-08-18 11:18:18.762000-07:00,LOGIN,DATAWATCHTOWER,73.103.50.141,PYTHON_DRIVER,3.0.4,PASSWORD,,YES,,,0,
